date,predicted_demand,actual_production,actual_consumption,surplus_quantity,holiday,special_event,weather,precipitation
2026-06-28,1245,1346,1240,106,1,0,Cloudy,No Rain
2026-06-29,1011,1067,1007,60,0,0,Sunny,No precipitation
2026-06-30,1045,1105,1028,77,0,0,Rainy,Light Rain
2026-07-01,908,980,899,81,0,0,Cloudy,Light Rain
2026-07-02,983,1043,971,72,0,0,Sunny,No precipitation
2026-07-03,980,1047,973,74,0,0,Rainy,Heavy Rain
2026-07-04,1216,1285,1189,96,1,0,Cloudy,No Rain
2026-07-05,1215,1307,1216,91,1,0,Sunny,No precipitation
2026-07-06,932,989,926,63,0,0,Rainy,Light Rain
2026-07-07,1053,1114,1039,75,0,0,Cloudy,Light Rain
2026-07-08,952,1022,941,81,0,0,Sunny,No precipitation
2026-07-09,1020,1079,1006,73,0,0,Rainy,Heavy Rain
2026-07-10,989,1034,972,62,0,0,Cloudy,No Rain
2026-07-11,1254,1327,1247,80,1,0,Sunny,No precipitation
2026-07-12,1172,1243,1162,81,1,0,Rainy,Light Rain
2026-07-13,1044,1126,1035,91,0,0,Cloudy,Light Rain
2026-07-14,1004,1077,991,86,0,0,Sunny,No precipitation
2026-07-15,1003,1054,998,56,0,0,Rainy,Heavy Rain
2026-07-16,1048,1133,1036,97,0,0,Cloudy,No Rain
2026-07-17,1137,1195,1123,72,0,1,Sunny,No precipitation
2026-07-18,1201,1272,1173,99,1,0,Rainy,Light Rain
2026-07-19,1291,1373,1271,102,1,0,Cloudy,Light Rain
2026-07-20,955,1015,954,61,0,0,Sunny,No precipitation
2026-07-21,951,980,936,44,0,0,Rainy,Heavy Rain
2026-07-22,1009,1077,1007,70,0,0,Cloudy,No Rain
2026-07-23,1025,1083,1024,59,0,0,Sunny,No precipitation
2026-07-24,965,1032,957,75,0,0,Rainy,Light Rain
2026-07-25,1247,1284,1237,47,1,0,Cloudy,Light Rain
2026-07-26,1231,1319,1206,113,1,0,Sunny,No precipitation
2026-07-27,1042,1136,1029,107,0,0,Rainy,Heavy Rain
2026-07-28,959,1045,947,98,0,0,Cloudy,No Rain
2026-07-29,1056,1139,1043,96,0,0,Sunny,No precipitation
2026-07-30,984,1047,980,67,0,0,Rainy,Light Rain
2026-07-31,1010,1047,994,53,0,0,Cloudy,Light Rain
2026-08-01,1200,1277,1195,82,1,0,Rainy,Heavy Rain
2026-08-02,1235,1311,1221,90,1,0,Cloudy,No Rain
2026-08-03,1047,1117,1032,85,0,0,Sunny,No precipitation
2026-08-04,1013,1064,1005,59,0,0,Rainy,Light Rain
2026-08-05,938,974,926,48,0,0,Cloudy,Light Rain
2026-08-06,964,1047,952,95,0,0,Sunny,No precipitation
2026-08-07,1036,1123,1015,108,0,0,Rainy,Heavy Rain
2026-08-08,1322,1407,1319,88,1,0,Cloudy,No Rain
2026-08-09,1301,1363,1279,84,1,0,Sunny,No precipitation
2026-08-10,1008,1094,995,99,0,0,Rainy,Light Rain
2026-08-11,1080,1148,1070,78,0,0,Cloudy,Light Rain
2026-08-12,963,1014,946,68,0,0,Sunny,No precipitation
2026-08-13,1032,1133,1019,114,0,0,Rainy,Heavy Rain
2026-08-14,1072,1115,1060,55,0,0,Cloudy,No Rain
2026-08-15,1302,1387,1296,91,1,0,Sunny,No precipitation
2026-08-16,1297,1382,1299,83,1,0,Rainy,Light Rain
2026-08-17,1156,1258,1154,104,0,1,Cloudy,Light Rain
2026-08-18,1057,1157,1052,105,0,0,Sunny,No precipitation
2026-08-19,941,983,934,49,0,0,Rainy,Heavy Rain
2026-08-20,1087,1143,1078,65,0,0,Cloudy,No Rain
2026-08-21,1041,1125,1031,94,0,0,Sunny,No precipitation
2026-08-22,1282,1354,1253,101,1,0,Rainy,Light Rain
2026-08-23,1228,1295,1226,69,1,0,Cloudy,Light Rain
2026-08-24,943,1026,928,98,0,0,Sunny,No precipitation
2026-08-25,1053,1150,1052,98,0,0,Rainy,Heavy Rain
2026-08-26,1062,1124,1046,78,0,0,Cloudy,No Rain
2026-08-27,980,1031,962,69,0,0,Sunny,No precipitation
2026-08-28,1027,1078,1027,51,0,0,Rainy,Light Rain
2026-08-29,1199,1242,1181,61,1,0,Cloudy,Light Rain
2026-08-30,1214,1280,1198,82,1,0,Sunny,No precipitation
2026-08-31,972,1019,967,52,0,0,Rainy,Heavy Rain
2026-09-01,965,1039,952,87,0,0,Sunny,No precipitation
2026-09-02,1056,1126,1047,79,0,0,Rainy,Light Rain
2026-09-03,1083,1152,1062,90,0,0,Cloudy,Light Rain
2026-09-04,975,1029,973,56,0,0,Sunny,No precipitation
2026-09-05,1236,1351,1230,121,1,0,Rainy,Heavy Rain
2026-09-06,1219,1289,1204,85,1,0,Cloudy,No Rain
2026-09-07,1037,1105,1030,75,0,0,Sunny,No precipitation
2026-09-08,993,1077,977,100,0,0,Rainy,Light Rain
2026-09-09,1060,1130,1044,86,0,0,Cloudy,Light Rain
2026-09-10,1032,1131,1022,109,0,0,Sunny,No precipitation
2026-09-11,1073,1128,1065,63,0,0,Rainy,Heavy Rain
2026-09-12,1270,1361,1260,101,1,0,Cloudy,No Rain
2026-09-13,1220,1288,1201,87,1,0,Sunny,No precipitation
2026-09-14,1039,1074,1030,44,0,0,Rainy,Light Rain
2026-09-15,1119,1209,1103,106,0,0,Cloudy,Light Rain
2026-09-16,947,998,936,62,0,0,Sunny,No precipitation
2026-09-17,1175,1230,1168,62,0,1,Rainy,Heavy Rain
2026-09-18,1005,1040,992,48,0,0,Cloudy,No Rain
2026-09-19,1243,1329,1225,104,1,0,Sunny,No precipitation
2026-09-20,1254,1344,1226,118,1,0,Rainy,Light Rain
2026-09-21,1036,1097,1030,67,0,0,Cloudy,Light Rain
2026-09-22,1058,1101,1053,48,0,0,Sunny,No precipitation
2026-09-23,1047,1122,1038,84,0,0,Rainy,Heavy Rain
2026-09-24,1126,1194,1126,68,0,0,Cloudy,No Rain
2026-09-25,994,1033,981,52,0,0,Sunny,No precipitation
2026-09-26,1203,1292,1194,98,1,0,Rainy,Light Rain
