date,menu_item,predicted_quantity,actual_production,actual_consumption,surplus_quantity
2026-06-28,Chai,514,562,511,51
2026-06-28,Rice with Chicken,282,312,277,35
2026-06-28,Rice with Tomato,197,203,198,5
2026-06-28,Rice with Dal,252,269,254,15
2026-06-29,Chai,430,443,424,19
2026-06-29,Rice with Chicken,226,241,228,13
2026-06-29,Rice with Tomato,181,194,180,14
2026-06-29,Rice with Dal,174,189,175,14
2026-06-30,Chai,436,469,427,42
2026-06-30,Rice with Chicken,262,280,259,21
2026-06-30,Rice with Tomato,166,171,162,9
2026-06-30,Rice with Dal,181,185,180,5
2026-07-01,Chai,449,487,440,47
2026-07-01,Rice with Chicken,209,231,210,21
2026-07-01,Rice with Tomato,107,115,108,7
2026-07-01,Rice with Dal,143,147,141,6
2026-07-02,Chai,439,461,430,31
2026-07-02,Rice with Chicken,248,265,248,17
2026-07-02,Rice with Tomato,163,170,163,7
2026-07-02,Rice with Dal,133,147,130,17
2026-07-03,Chai,454,483,452,31
2026-07-03,Rice with Chicken,243,266,241,25
2026-07-03,Rice with Tomato,153,162,149,13
2026-07-03,Rice with Dal,130,136,131,5
2026-07-04,Chai,504,531,494,37
2026-07-04,Rice with Chicken,265,272,257,15
2026-07-04,Rice with Tomato,229,254,222,32
2026-07-04,Rice with Dal,218,228,216,12
2026-07-05,Chai,493,546,497,49
2026-07-05,Rice with Chicken,292,315,294,21
2026-07-05,Rice with Tomato,232,241,229,12
2026-07-05,Rice with Dal,198,205,196,9
2026-07-06,Chai,395,429,395,34
2026-07-06,Rice with Chicken,206,212,206,6
2026-07-06,Rice with Tomato,184,192,180,12
2026-07-06,Rice with Dal,147,156,145,11
2026-07-07,Chai,447,470,445,25
2026-07-07,Rice with Chicken,295,320,286,34
2026-07-07,Rice with Tomato,152,162,149,13
2026-07-07,Rice with Dal,159,162,159,3
2026-07-08,Chai,429,468,422,46
2026-07-08,Rice with Chicken,213,223,209,14
2026-07-08,Rice with Tomato,150,161,149,12
2026-07-08,Rice with Dal,160,170,161,9
2026-07-09,Chai,422,448,416,32
2026-07-09,Rice with Chicken,236,244,235,9
2026-07-09,Rice with Tomato,208,221,205,16
2026-07-09,Rice with Dal,154,166,150,16
2026-07-10,Chai,448,464,437,27
2026-07-10,Rice with Chicken,225,238,224,14
2026-07-10,Rice with Tomato,142,149,140,9
2026-07-10,Rice with Dal,174,183,171,12
2026-07-11,Chai,492,520,485,35
2026-07-11,Rice with Chicken,333,344,335,9
2026-07-11,Rice with Tomato,235,259,236,23
2026-07-11,Rice with Dal,194,204,191,13
2026-07-12,Chai,473,486,473,13
2026-07-12,Rice with Chicken,312,341,308,33
2026-07-12,Rice with Tomato,211,229,205,24
2026-07-12,Rice with Dal,176,187,176,11
2026-07-13,Chai,459,499,456,43
2026-07-13,Rice with Chicken,259,280,260,20
2026-07-13,Rice with Tomato,160,165,156,9
2026-07-13,Rice with Dal,166,182,163,19
2026-07-14,Chai,437,483,434,49
2026-07-14,Rice with Chicken,269,276,263,13
2026-07-14,Rice with Tomato,159,170,154,16
2026-07-14,Rice with Dal,139,148,140,8
2026-07-15,Chai,438,451,440,11
2026-07-15,Rice with Chicken,279,300,276,24
2026-07-15,Rice with Tomato,148,160,146,14
2026-07-15,Rice with Dal,138,143,136,7
2026-07-16,Chai,465,510,463,47
2026-07-16,Rice with Chicken,282,298,275,23
2026-07-16,Rice with Tomato,147,156,144,12
2026-07-16,Rice with Dal,154,169,154,15
2026-07-17,Chai,474,485,468,17
2026-07-17,Rice with Chicken,301,326,301,25
2026-07-17,Rice with Tomato,191,209,186,23
2026-07-17,Rice with Dal,171,175,168,7
2026-07-18,Chai,474,499,460,39
2026-07-18,Rice with Chicken,331,350,323,27
2026-07-18,Rice with Tomato,204,219,202,17
2026-07-18,Rice with Dal,192,204,188,16
2026-07-19,Chai,548,582,543,39
2026-07-19,Rice with Chicken,339,364,333,31
2026-07-19,Rice with Tomato,188,200,183,17
2026-07-19,Rice with Dal,216,227,212,15
2026-07-20,Chai,410,437,412,25
2026-07-20,Rice with Chicken,234,249,233,16
2026-07-20,Rice with Tomato,142,155,141,14
2026-07-20,Rice with Dal,169,174,168,6
2026-07-21,Chai,419,432,409,23
2026-07-21,Rice with Chicken,231,237,224,13
2026-07-21,Rice with Tomato,163,168,164,4
2026-07-21,Rice with Dal,138,143,139,4
2026-07-22,Chai,448,481,452,29
2026-07-22,Rice with Chicken,279,303,276,27
2026-07-22,Rice with Tomato,158,165,159,6
2026-07-22,Rice with Dal,124,128,120,8
2026-07-23,Chai,425,438,428,10
2026-07-23,Rice with Chicken,246,260,241,19
2026-07-23,Rice with Tomato,170,188,172,16
2026-07-23,Rice with Dal,184,197,183,14
2026-07-24,Chai,443,470,436,34
2026-07-24,Rice with Chicken,268,287,269,18
2026-07-24,Rice with Tomato,128,138,129,9
2026-07-24,Rice with Dal,126,137,123,14
2026-07-25,Chai,517,531,509,22
2026-07-25,Rice with Chicken,319,331,321,10
2026-07-25,Rice with Tomato,236,242,237,5
2026-07-25,Rice with Dal,175,180,170,10
2026-07-26,Chai,514,546,501,45
2026-07-26,Rice with Chicken,302,323,299,24
2026-07-26,Rice with Tomato,220,235,214,21
2026-07-26,Rice with Dal,195,215,192,23
2026-07-27,Chai,435,470,432,38
2026-07-27,Rice with Chicken,278,307,274,33
2026-07-27,Rice with Tomato,186,205,184,21
2026-07-27,Rice with Dal,143,154,139,15
2026-07-28,Chai,407,439,402,37
2026-07-28,Rice with Chicken,260,288,254,34
2026-07-28,Rice with Tomato,155,167,154,13
2026-07-28,Rice with Dal,137,151,137,14
2026-07-29,Chai,500,539,493,46
2026-07-29,Rice with Chicken,241,264,238,26
2026-07-29,Rice with Tomato,173,182,172,10
2026-07-29,Rice with Dal,142,154,140,14
2026-07-30,Chai,437,446,438,8
2026-07-30,Rice with Chicken,281,308,279,29
2026-07-30,Rice with Tomato,131,145,128,17
2026-07-30,Rice with Dal,135,148,135,13
2026-07-31,Chai,467,487,453,34
2026-07-31,Rice with Chicken,227,235,223,12
2026-07-31,Rice with Tomato,186,191,187,4
2026-07-31,Rice with Dal,130,134,131,3
2026-08-01,Chai,455,500,452,48
2026-08-01,Rice with Chicken,300,309,302,7
2026-08-01,Rice with Tomato,222,237,222,15
2026-08-01,Rice with Dal,223,231,219,12
2026-08-02,Chai,505,539,499,40
2026-08-02,Rice with Chicken,319,345,317,28
2026-08-02,Rice with Tomato,201,207,199,8
2026-08-02,Rice with Dal,210,220,206,14
2026-08-03,Chai,449,495,437,58
2026-08-03,Rice with Chicken,234,240,230,10
2026-08-03,Rice with Tomato,188,200,188,12
2026-08-03,Rice with Dal,176,182,177,5
2026-08-04,Chai,429,444,422,22
2026-08-04,Rice with Chicken,250,256,252,4
2026-08-04,Rice with Tomato,218,239,217,22
2026-08-04,Rice with Dal,116,125,114,11
2026-08-05,Chai,427,441,421,20
2026-08-05,Rice with Chicken,197,203,196,7
2026-08-05,Rice with Tomato,169,179,166,13
2026-08-05,Rice with Dal,145,151,143,8
2026-08-06,Chai,429,467,429,38
2026-08-06,Rice with Chicken,207,226,202,24
2026-08-06,Rice with Tomato,159,175,156,19
2026-08-06,Rice with Dal,169,179,165,14
2026-08-07,Chai,447,492,439,53
2026-08-07,Rice with Chicken,329,359,320,39
2026-08-07,Rice with Tomato,160,166,155,11
2026-08-07,Rice with Dal,100,106,101,5
2026-08-08,Chai,557,598,551,47
2026-08-08,Rice with Chicken,333,352,334,18
2026-08-08,Rice with Tomato,255,269,256,13
2026-08-08,Rice with Dal,177,188,178,10
2026-08-09,Chai,517,539,502,37
2026-08-09,Rice with Chicken,317,339,316,23
2026-08-09,Rice with Tomato,227,233,228,5
2026-08-09,Rice with Dal,240,252,233,19
2026-08-10,Chai,452,501,441,60
2026-08-10,Rice with Chicken,245,256,243,13
2026-08-10,Rice with Tomato,165,181,165,16
2026-08-10,Rice with Dal,146,156,146,10
2026-08-11,Chai,480,521,479,42
2026-08-11,Rice with Chicken,300,309,295,14
2026-08-11,Rice with Tomato,171,175,166,9
2026-08-11,Rice with Dal,129,143,130,13
2026-08-12,Chai,431,447,421,26
2026-08-12,Rice with Chicken,264,283,261,22
2026-08-12,Rice with Tomato,149,156,148,8
2026-08-12,Rice with Dal,119,128,116,12
2026-08-13,Chai,473,523,467,56
2026-08-13,Rice with Chicken,216,237,214,23
2026-08-13,Rice with Tomato,183,196,179,17
2026-08-13,Rice with Dal,160,177,159,18
2026-08-14,Chai,463,481,459,22
2026-08-14,Rice with Chicken,283,297,279,18
2026-08-14,Rice with Tomato,144,149,143,6
2026-08-14,Rice with Dal,182,188,179,9
2026-08-15,Chai,522,550,516,34
2026-08-15,Rice with Chicken,339,361,339,22
2026-08-15,Rice with Tomato,223,245,222,23
2026-08-15,Rice with Dal,218,231,219,12
2026-08-16,Chai,502,551,501,50
2026-08-16,Rice with Chicken,312,321,313,8
2026-08-16,Rice with Tomato,258,278,258,20
2026-08-16,Rice with Dal,225,232,227,5
2026-08-17,Chai,484,530,482,48
2026-08-17,Rice with Chicken,314,345,316,29
2026-08-17,Rice with Tomato,184,190,182,8
2026-08-17,Rice with Dal,174,193,174,19
2026-08-18,Chai,470,514,470,44
2026-08-18,Rice with Chicken,280,307,275,32
2026-08-18,Rice with Tomato,185,202,185,17
2026-08-18,Rice with Dal,122,134,122,12
2026-08-19,Chai,413,428,411,17
2026-08-19,Rice with Chicken,239,246,236,10
2026-08-19,Rice with Tomato,155,165,152,13
2026-08-19,Rice with Dal,134,144,135,9
2026-08-20,Chai,487,513,483,30
2026-08-20,Rice with Chicken,247,260,245,15
2026-08-20,Rice with Tomato,173,179,174,5
2026-08-20,Rice with Dal,180,191,176,15
2026-08-21,Chai,458,491,459,32
2026-08-21,Rice with Chicken,263,291,256,35
2026-08-21,Rice with Tomato,181,195,180,15
2026-08-21,Rice with Dal,139,148,136,12
2026-08-22,Chai,532,549,523,26
2026-08-22,Rice with Chicken,350,384,340,44
2026-08-22,Rice with Tomato,194,207,189,18
2026-08-22,Rice with Dal,206,214,201,13
2026-08-23,Chai,516,540,519,21
2026-08-23,Rice with Chicken,306,315,302,13
2026-08-23,Rice with Tomato,204,218,206,12
2026-08-23,Rice with Dal,202,222,199,23
2026-08-24,Chai,420,460,415,45
2026-08-24,Rice with Chicken,211,222,207,15
2026-08-24,Rice with Tomato,184,203,179,24
2026-08-24,Rice with Dal,128,141,127,14
2026-08-25,Chai,492,545,496,49
2026-08-25,Rice with Chicken,237,260,233,27
2026-08-25,Rice with Tomato,217,235,219,16
2026-08-25,Rice with Dal,107,110,104,6
2026-08-26,Chai,456,479,444,35
2026-08-26,Rice with Chicken,281,295,282,13
2026-08-26,Rice with Tomato,172,183,171,12
2026-08-26,Rice with Dal,153,167,149,18
2026-08-27,Chai,425,442,418,24
2026-08-27,Rice with Chicken,257,275,253,22
2026-08-27,Rice with Tomato,166,176,163,13
2026-08-27,Rice with Dal,132,138,128,10
2026-08-28,Chai,464,473,466,7
2026-08-28,Rice with Chicken,266,291,264,27
2026-08-28,Rice with Tomato,176,185,175,10
2026-08-28,Rice with Dal,121,129,122,7
2026-08-29,Chai,506,526,495,31
2026-08-29,Rice with Chicken,301,312,296,16
2026-08-29,Rice with Tomato,186,191,183,8
2026-08-29,Rice with Dal,206,213,207,6
2026-08-30,Chai,498,526,489,37
2026-08-30,Rice with Chicken,302,315,303,12
2026-08-30,Rice with Tomato,223,234,220,14
2026-08-30,Rice with Dal,191,205,186,19
2026-08-31,Chai,455,484,453,31
2026-08-31,Rice with Chicken,237,242,238,4
2026-08-31,Rice with Tomato,146,149,142,7
2026-08-31,Rice with Dal,134,144,134,10
2026-09-01,Chai,442,481,435,46
2026-09-01,Rice with Chicken,252,274,249,25
2026-09-01,Rice with Tomato,135,141,133,8
2026-09-01,Rice with Dal,136,143,135,8
2026-09-02,Chai,485,509,479,30
2026-09-02,Rice with Chicken,242,261,242,19
2026-09-02,Rice with Tomato,153,168,153,15
2026-09-02,Rice with Dal,176,188,173,15
2026-09-03,Chai,471,510,462,48
2026-09-03,Rice with Chicken,282,292,274,18
2026-09-03,Rice with Tomato,172,178,170,8
2026-09-03,Rice with Dal,158,172,156,16
2026-09-04,Chai,419,439,417,22
2026-09-04,Rice with Chicken,231,242,233,9
2026-09-04,Rice with Tomato,175,189,173,16
2026-09-04,Rice with Dal,150,159,150,9
2026-09-05,Chai,510,566,510,56
2026-09-05,Rice with Chicken,307,333,304,29
2026-09-05,Rice with Tomato,214,228,212,16
2026-09-05,Rice with Dal,205,224,204,20
2026-09-06,Chai,542,573,535,38
2026-09-06,Rice with Chicken,303,323,296,27
2026-09-06,Rice with Tomato,224,235,223,12
2026-09-06,Rice with Dal,150,158,150,8
2026-09-07,Chai,491,521,491,30
2026-09-07,Rice with Chicken,222,242,220,22
2026-09-07,Rice with Tomato,146,151,143,8
2026-09-07,Rice with Dal,178,191,176,15
2026-09-08,Chai,479,529,472,57
2026-09-08,Rice with Chicken,244,267,241,26
2026-09-08,Rice with Tomato,164,171,161,10
2026-09-08,Rice with Dal,106,110,103,7
2026-09-09,Chai,490,530,479,51
2026-09-09,Rice with Chicken,259,272,258,14
2026-09-09,Rice with Tomato,154,166,154,12
2026-09-09,Rice with Dal,157,162,153,9
2026-09-10,Chai,479,525,475,50
2026-09-10,Rice with Chicken,240,259,236,23
2026-09-10,Rice with Tomato,158,175,159,16
2026-09-10,Rice with Dal,155,172,152,20
2026-09-11,Chai,469,490,472,18
2026-09-11,Rice with Chicken,260,275,253,22
2026-09-11,Rice with Tomato,186,200,184,16
2026-09-11,Rice with Dal,158,163,156,7
2026-09-12,Chai,554,589,551,38
2026-09-12,Rice with Chicken,329,352,325,27
2026-09-12,Rice with Tomato,222,242,223,19
2026-09-12,Rice with Dal,165,178,161,17
2026-09-13,Chai,523,543,517,26
2026-09-13,Rice with Chicken,292,308,287,21
2026-09-13,Rice with Tomato,217,234,214,20
2026-09-13,Rice with Dal,188,203,183,20
2026-09-14,Chai,452,464,454,10
2026-09-14,Rice with Chicken,276,282,270,12
2026-09-14,Rice with Tomato,175,179,173,6
2026-09-14,Rice with Dal,136,149,133,16
2026-09-15,Chai,483,519,475,44
2026-09-15,Rice with Chicken,265,291,264,27
2026-09-15,Rice with Tomato,170,178,165,13
2026-09-15,Rice with Dal,201,221,199,22
2026-09-16,Chai,468,484,460,24
2026-09-16,Rice with Chicken,248,271,247,24
2026-09-16,Rice with Tomato,128,132,125,7
2026-09-16,Rice with Dal,103,111,104,7
2026-09-17,Chai,523,538,522,16
2026-09-17,Rice with Chicken,267,289,269,20
2026-09-17,Rice with Tomato,209,218,205,13
2026-09-17,Rice with Dal,176,185,172,13
2026-09-18,Chai,469,480,464,16
2026-09-18,Rice with Chicken,237,242,234,8
2026-09-18,Rice with Tomato,182,196,179,17
2026-09-18,Rice with Dal,117,122,115,7
2026-09-19,Chai,524,549,513,36
2026-09-19,Rice with Chicken,306,335,297,38
2026-09-19,Rice with Tomato,194,207,195,12
2026-09-19,Rice with Dal,219,238,220,18
2026-09-20,Chai,550,607,538,69
2026-09-20,Rice with Chicken,322,333,313,20
2026-09-20,Rice with Tomato,216,226,210,16
2026-09-20,Rice with Dal,166,178,165,13
2026-09-21,Chai,475,505,470,35
2026-09-21,Rice with Chicken,309,326,310,16
2026-09-21,Rice with Tomato,96,100,94,6
2026-09-21,Rice with Dal,156,166,156,10
2026-09-22,Chai,448,468,442,26
2026-09-22,Rice with Chicken,290,297,292,5
2026-09-22,Rice with Tomato,161,170,160,10
2026-09-22,Rice with Dal,159,166,159,7
2026-09-23,Chai,439,463,431,32
2026-09-23,Rice with Chicken,275,304,275,29
2026-09-23,Rice with Tomato,188,201,187,14
2026-09-23,Rice with Dal,145,154,145,9
2026-09-24,Chai,535,561,536,25
2026-09-24,Rice with Chicken,260,277,257,20
2026-09-24,Rice with Tomato,180,192,181,11
2026-09-24,Rice with Dal,151,164,152,12
2026-09-25,Chai,509,521,504,17
2026-09-25,Rice with Chicken,261,274,255,19
2026-09-25,Rice with Tomato,124,129,121,8
2026-09-25,Rice with Dal,100,109,101,8
2026-09-26,Chai,519,559,517,42
2026-09-26,Rice with Chicken,318,345,314,31
2026-09-26,Rice with Tomato,185,197,187,10
2026-09-26,Rice with Dal,181,191,176,15
