date,meal_type,menu_type,predicted_demand,actual_production,actual_consumption,surplus_quantity,holiday,special_event,weather,precipitation
2026-09-01,Lunch,Rice_Chicken,1412,1500,1360,140,0,0,Sunny,No precipitation
2026-09-02,Dinner,Rice_Dal,1142,1268,1135,133,0,0,Cloudy,Light Rain
2026-09-03,Lunch,Rice_Vegetables,1311,1438,1325,113,0,0,Rainy,Heavy Rain
2026-09-04,Dinner,Rice_Chicken,1225,1324,1210,114,0,0,Sunny,No precipitation
2026-09-05,Lunch,Rice_Dal,1377,1488,1375,113,0,0,Cloudy,No Rain
2026-09-06,Dinner,Rice_Vegetables,1127,1215,1070,145,0,0,Rainy,Light Rain
2026-09-07,Lunch,Rice_Chicken,1469,1630,1490,140,1,0,Sunny,No precipitation
2026-09-08,Dinner,Rice_Dal,1172,1342,1185,157,0,0,Snowy,Light Snow
2026-09-09,Lunch,Rice_Vegetables,1412,1520,1435,85,0,1,Cloudy,Heavy Rain
2026-09-10,Dinner,Rice_Chicken,1173,1292,1150,142,0,0,Rainy,Heavy Rain
2026-09-11,Lunch,Rice_Dal,1378,1455,1380,75,0,0,Sunny,No precipitation
2026-09-12,Dinner,Rice_Vegetables,1139,1236,1105,131,0,0,Cloudy,Light Rain
2026-09-13,Lunch,Rice_Chicken,1369,1572,1420,152,0,0,Rainy,Light Rain
2026-09-14,Dinner,Rice_Dal,1200,1290,1195,95,0,0,Sunny,No precipitation
2026-09-15,Lunch,Rice_Vegetables,1381,1525,1405,120,1,0,Cloudy,No Rain
2026-09-16,Dinner,Rice_Chicken,1191,1334,1180,154,0,0,Rainy,Heavy Rain
2026-09-17,Lunch,Rice_Dal,1312,1500,1290,210,0,0,Snowy,Heavy Snow
2026-09-18,Dinner,Rice_Vegetables,1118,1245,1125,120,0,0,Cloudy,Light Rain
2026-09-19,Lunch,Rice_Chicken,1509,1685,1560,125,0,1,Sunny,No precipitation
2026-09-20,Dinner,Rice_Dal,1143,1310,1160,150,0,0,Rainy,Light Rain
2026-09-21,Lunch,Rice_Vegetables,1352,1478,1340,138,0,0,Cloudy,No Rain
2026-09-22,Dinner,Rice_Chicken,1208,1362,1215,147,0,0,Snowy,Light Snow
2026-09-23,Lunch,Rice_Dal,1388,1548,1385,163,1,0,Rainy,Heavy Rain
2026-09-24,Dinner,Rice_Vegetables,1162,1274,1175,99,0,0,Sunny,No precipitation
2026-09-25,Dinner,Rice_Chicken,1298,1300,1250,50,0,1,Sunny,No precipitation
2026-09-25,Lunch,Rice_Vegetables,1361,1600,1361,239,0,0,Sunny,No precipitation
